[{
    "avatar": "https://www.xiaolincoding.com/logo.webp",
    "name": "小林coding",
    "introduction": "图解计算机基础",
    "url": "https://www.xiaolincoding.com/",
    "title": "前去学习"
}, {
    "avatar": "https://www.r2coding.com/r2_static/img/r2coding_logo_index.15y992dieibg.png",
    "name": "编程自学之路",
    "introduction": "自学编程以来所用资源和分享内容的大聚合。",
    "url": "https://www.r2coding.com/#/",
    "title": "前去学习"
}, {
    "avatar": "https://javaguide.cn/logo.svg",
    "name": "JavaGuide",
    "introduction": "JavaGuide(Java面试+学习指南)",
    "url": "https://javaguide.cn/",
    "title": "前去学习"
}, {
    "avatar": "https://pdai.tech/images/index-read.gif",
    "name": "pdai",
    "introduction": "Java 全栈知识体系",
    "url": "https://pdai.tech/",
    "title": "前去学习"
}, {
    "avatar": "https://code-thinking-1253855093.file.myqcloud.com/pics/20211111115823.png",
    "name": "代码随想录",
    "introduction": "算法学习",
    "url": "https://www.programmercarl.com/",
    "title": "前去学习"
}, {
    "avatar": "https://cdn.acwing.com/media/activity/surface/log.png",
    "name": "Acwing",
    "introduction": "算法学习",
    "url": "https://www.acwing.com/",
    "title": "前去学习"
}
]
